customerID,y_true,y_pred_lgbm,y_proba_lgbm,y_pred_lr,y_proba_lr,risco
9906-NHHVC,0,0,0.1175,0,0.1336,baixo
2279-AXJJK,0,0,0.4637,0,0.4996,medio
4627-MIHJH,0,0,0.2096,0,0.1061,baixo
1452-KIOVK,0,1,0.7063,1,0.7332,alto
1751-NCDLI,0,1,0.7493,1,0.8019,alto
0913-XWSCN,0,0,0.4138,0,0.4338,medio
6377-WHAOX,0,1,0.6397,1,0.6826,medio
5445-PZWGX,1,0,0.3651,0,0.1927,baixo
3339-EAQNV,0,0,0.275,0,0.3386,baixo
2843-CQMEG,0,0,0.479,0,0.4483,medio
7410-YTJIK,1,1,0.7232,1,0.7682,alto
6061-GWWAV,0,0,0.1523,0,0.1079,baixo
5027-YOCXN,0,0,0.4347,0,0.1994,medio
4489-SNOJF,1,0,0.3069,0,0.3056,baixo
0363-QJVFX,1,1,0.6424,1,0.6381,medio
4840-ORQXB,0,1,0.6149,1,0.6656,medio
4581-LNWUM,0,1,0.5916,1,0.7699,medio
8591-TKMZH,0,0,0.1702,0,0.1216,baixo
6481-ESCNL,0,1,0.6092,1,0.7474,medio
6651-AZVTJ,1,1,0.7282,1,0.7204,alto
5402-HTOTQ,0,1,0.517,1,0.5583,medio
7408-OFWXJ,0,0,0.0272,0,0.0272,baixo
2955-BJZHG,1,1,0.7005,1,0.7346,alto
5921-NGYRH,0,0,0.3636,0,0.3152,baixo
1820-TQVEV,1,1,0.915,1,0.8599,alto
8909-BOLNL,0,0,0.112,0,0.1883,baixo
2239-CFOUJ,0,0,0.1345,0,0.165,baixo
6288-CHQJB,0,0,0.0429,0,0.0305,baixo
5828-AVIPD,1,1,0.586,1,0.6653,medio
1271-UODNO,0,0,0.1068,0,0.097,baixo
0732-OCQOC,0,0,0.0411,0,0.0339,baixo
6048-QBXKL,0,1,0.7558,1,0.7011,alto
4698-KVLLG,0,0,0.0467,0,0.0298,baixo
9052-DHNKM,0,0,0.1604,0,0.2331,baixo
7957-RYHQD,1,1,0.5282,1,0.5115,medio
8763-KIAFH,0,0,0.0576,0,0.1146,baixo
2960-NKRSO,0,1,0.6397,1,0.6712,medio
2737-YNGYW,1,1,0.8311,1,0.8548,alto
1131-ALZWV,0,0,0.0909,0,0.1284,baixo
5501-TVMGM,0,1,0.8425,1,0.7731,alto
4208-UFFGW,1,1,0.7402,1,0.5871,alto
1492-QGCLU,0,0,0.2497,0,0.2524,baixo
0289-IVARM,0,0,0.33,0,0.3059,baixo
1400-MMYXY,1,1,0.916,1,0.9334,alto
9405-GPBBG,0,0,0.2309,0,0.176,baixo
6777-TGHTM,1,0,0.4858,0,0.4056,medio
4724-WXVWF,0,1,0.616,1,0.5588,medio
1902-XBTFB,1,1,0.7833,1,0.7629,alto
6286-SUUWT,0,1,0.5272,0,0.3548,medio
4003-FUSHP,0,0,0.3786,0,0.4864,baixo
7322-OCWHC,0,0,0.0356,0,0.0684,baixo
5803-NQJZO,0,0,0.0293,0,0.0251,baixo
9073-ZZIAY,0,0,0.0411,0,0.0401,baixo
4079-VTGLK,0,0,0.1974,0,0.2961,baixo
7338-ERIVA,0,0,0.0912,0,0.117,baixo
2930-UOTMB,1,0,0.2593,0,0.2542,baixo
8378-LKJAF,0,1,0.6549,1,0.721,medio
5889-JTMUL,1,1,0.713,1,0.7124,alto
6013-BHCAW,0,0,0.0758,0,0.0724,baixo
2230-XTUWL,0,0,0.0322,0,0.023,baixo
0431-APWVY,1,0,0.337,1,0.5465,baixo
1122-YJBCS,0,0,0.1068,0,0.0612,baixo
9079-YEXQJ,1,1,0.5653,1,0.5649,medio
2323-ARSVR,0,0,0.2402,0,0.1344,baixo
1697-LYYYX,0,0,0.0504,0,0.0306,baixo
9507-EXLTT,1,1,0.9102,1,0.8487,alto
4075-JFPGR,0,0,0.3,0,0.3524,baixo
1574-DYCWE,0,0,0.0358,0,0.0211,baixo
5226-NOZFC,0,1,0.7019,1,0.7731,alto
7398-LXGYX,0,0,0.4933,1,0.5213,medio
1550-LOAHA,1,1,0.5327,1,0.5934,medio
6685-GBWJZ,0,0,0.1161,0,0.0487,baixo
1545-JFUML,0,0,0.1397,0,0.1496,baixo
6096-EGVTU,0,0,0.0636,0,0.035,baixo
2129-ALKBS,0,0,0.2316,0,0.2506,baixo
1302-UHBDD,0,1,0.7365,1,0.8323,alto
6543-CPZMK,1,1,0.5893,1,0.6759,medio
3396-DKDEL,0,0,0.2167,0,0.0941,baixo
2272-WUSPA,0,0,0.1568,0,0.1935,baixo
1090-ESELR,0,0,0.0504,0,0.0476,baixo
8083-YTZES,1,1,0.8669,1,0.8743,alto
5966-EMAZU,0,0,0.4323,0,0.251,medio
2250-IVBWA,0,0,0.3482,0,0.2505,baixo
0013-MHZWF,0,0,0.4602,1,0.5922,medio
2428-ZMCTB,0,0,0.281,0,0.2918,baixo
7157-SMCFK,0,0,0.0294,0,0.0152,baixo
3721-CNEYS,1,1,0.8613,1,0.8597,alto
0310-MVLET,1,1,0.5379,1,0.6179,medio
2245-ADZFJ,0,0,0.0974,0,0.1117,baixo
0377-JBKKT,0,0,0.314,0,0.2632,baixo
7998-WNZEM,0,0,0.0303,0,0.0252,baixo
3312-ZWLGF,0,1,0.6012,1,0.724,medio
0076-LVEPS,0,0,0.2532,0,0.3045,baixo
0430-IHCDJ,0,1,0.7091,1,0.6681,alto
6874-SGLHU,0,0,0.4419,1,0.5585,medio
2525-GVKQU,0,0,0.0282,0,0.0199,baixo
5438-QMDDL,0,0,0.4985,1,0.5692,medio
4464-JCOLN,1,0,0.0911,0,0.1606,baixo
9039-RBEEE,1,0,0.2646,0,0.3313,baixo
1852-XEMDW,0,0,0.3431,0,0.3643,baixo
2277-VWCNI,0,1,0.6846,1,0.6303,medio
7278-CKDNC,0,1,0.7488,1,0.7997,alto
8245-UMPYT,1,1,0.8796,1,0.9107,alto
4415-IJZTP,1,1,0.9186,1,0.8868,alto
2720-FVBQP,0,1,0.608,1,0.6094,medio
4016-BJKTZ,0,0,0.2713,0,0.4116,baixo
8593-WHYHV,1,1,0.8981,1,0.9074,alto
8380-PEFPE,1,1,0.9077,1,0.8324,alto
8219-VYBVI,0,0,0.0427,0,0.0365,baixo
6625-FLENO,0,0,0.0412,0,0.0205,baixo
9824-QCJPK,0,0,0.0823,0,0.0769,baixo
9365-CSLBQ,0,0,0.025,0,0.0139,baixo
9866-OCCKE,0,0,0.1038,0,0.1336,baixo
6713-OKOMC,0,0,0.4116,1,0.5113,medio
5666-MBJPT,0,0,0.0408,0,0.0277,baixo
6654-QGBZZ,0,1,0.5272,0,0.361,medio
9701-CDXHR,0,0,0.493,0,0.4055,medio
7032-LMBHI,0,0,0.1326,0,0.1781,baixo
3594-UVONA,1,0,0.1647,0,0.2545,baixo
4654-ULTTN,0,0,0.059,0,0.0408,baixo
2839-RFSQE,1,0,0.3226,0,0.3542,baixo
2522-AHJXR,0,1,0.5464,0,0.4466,medio
2034-GDRCN,1,1,0.8981,1,0.916,alto
5373-SFODM,1,1,0.6272,1,0.7441,medio
1587-FKLZB,1,1,0.5153,1,0.5573,medio
8938-UMKPI,1,1,0.7292,1,0.7636,alto
3750-YHRYO,0,0,0.0756,0,0.1411,baixo
0004-TLHLJ,1,1,0.8669,1,0.8529,alto
7789-CRUVC,0,0,0.3862,0,0.3324,baixo
9286-DOJGF,1,1,0.5947,1,0.6645,medio
3672-YITQD,1,1,0.7022,1,0.8028,alto
4445-ZJNMU,0,1,0.83,1,0.8741,alto
3563-SVYLG,0,0,0.0419,0,0.0137,baixo
8224-KDLKN,0,0,0.0222,0,0.0128,baixo
7560-QJAVJ,0,0,0.0514,0,0.0303,baixo
3658-KIBGF,1,1,0.7234,1,0.6319,alto
5759-RCVCB,1,1,0.6466,1,0.6967,medio
0979-MOZQI,0,0,0.0806,0,0.0717,baixo
8779-YIQQA,0,0,0.0836,0,0.0963,baixo
2958-NHPPS,0,0,0.2391,0,0.2795,baixo
7401-JIXNM,0,0,0.0416,0,0.0465,baixo
6797-LNAQX,1,0,0.1349,0,0.113,baixo
4981-FLTMF,0,0,0.1873,0,0.0946,baixo
1047-RNXZV,0,0,0.0361,0,0.0323,baixo
1707-HABPF,0,0,0.3296,0,0.411,baixo
5236-XMZJY,0,0,0.3081,0,0.1958,baixo
4648-YPBTM,0,0,0.0918,0,0.0802,baixo
8495-PRWFH,0,0,0.4734,0,0.4329,medio
1493-AMTIE,1,1,0.5969,0,0.4264,medio
6077-BDPXA,0,1,0.8613,1,0.8558,alto
0058-EVZWM,0,0,0.4303,0,0.4912,medio
0298-XACET,0,0,0.0614,0,0.0564,baixo
7426-WEIJX,0,0,0.3292,0,0.4569,baixo
1110-KYLGQ,0,0,0.4759,0,0.4185,medio
3926-YZVVX,0,0,0.1432,0,0.1029,baixo
7471-MQPOS,0,0,0.1604,0,0.0858,baixo
6064-ZATLR,0,0,0.0632,0,0.076,baixo
4785-QRJHC,1,0,0.1989,0,0.2777,baixo
7470-MCQTK,1,1,0.564,1,0.764,medio
1346-PJWTK,0,0,0.3705,0,0.3074,baixo
3729-OWRVL,0,0,0.2272,0,0.2064,baixo
2041-JIJCI,0,1,0.7576,1,0.7789,alto
6284-AHOOQ,1,1,0.6426,1,0.7459,medio
2541-YGPKE,0,0,0.1389,0,0.0822,baixo
7503-QQRVF,1,1,0.7199,1,0.7441,alto
9909-DFRJA,0,0,0.4,0,0.3967,medio
1705-GUHPV,0,0,0.0355,0,0.0225,baixo
4002-BQWPQ,0,0,0.2728,0,0.3252,baixo
9637-CDTKZ,0,0,0.0985,0,0.1052,baixo
5198-EFNBM,0,0,0.4183,0,0.4119,medio
6223-DHJGV,0,0,0.0596,0,0.0923,baixo
5240-CAOYT,0,0,0.3419,0,0.3119,baixo
5609-IMCGG,0,1,0.6778,1,0.7332,medio
2075-PUEPR,0,0,0.0292,0,0.0173,baixo
7279-NMVJC,0,0,0.0901,0,0.1282,baixo
2911-WDXMV,0,1,0.6771,1,0.7298,medio
6933-FHBZC,0,0,0.2081,0,0.2676,baixo
1989-PRJHP,1,1,0.6853,1,0.7978,medio
1536-HBSWP,0,1,0.7393,1,0.6449,alto
4742-TXUEX,0,0,0.0322,0,0.0226,baixo
3301-VKTGC,0,0,0.1751,0,0.138,baixo
6034-YMTOB,0,1,0.7435,1,0.7403,alto
3967-VQOGC,0,0,0.043,0,0.0227,baixo
2087-QAREY,0,0,0.4985,0,0.478,medio
1035-IPQPU,0,1,0.592,1,0.6932,medio
0707-HOVVN,0,0,0.0855,0,0.0556,baixo
8089-UZWLX,0,0,0.1589,0,0.1729,baixo
7733-UDMTP,0,1,0.5085,1,0.5656,medio
6848-HJTXY,0,0,0.0305,0,0.0174,baixo
7005-CCBKV,1,1,0.8828,1,0.8681,alto
6838-HVLXG,0,0,0.281,0,0.2872,baixo
2750-BJLSB,0,1,0.5325,0,0.3949,medio
5419-CONWX,1,1,0.8769,1,0.8894,alto
6979-ZNSFF,1,1,0.8723,1,0.8922,alto
4946-EDSEW,1,0,0.2296,0,0.3208,baixo
9752-ZNQUT,0,1,0.8213,1,0.7013,alto
5296-BFCYD,0,0,0.0336,0,0.0335,baixo
6968-URWQU,0,0,0.203,0,0.2231,baixo
7750-EYXWZ,0,0,0.2838,1,0.5015,baixo
8433-WPJTV,0,0,0.3572,0,0.2891,baixo
6169-PPETC,0,0,0.0313,0,0.0316,baixo
3237-AJGEH,1,1,0.5492,1,0.5896,medio
7266-GSSJX,0,0,0.2129,0,0.3897,baixo
3794-NFNCH,0,0,0.437,0,0.4317,medio
7996-BPXHY,0,0,0.0576,0,0.1043,baixo
1895-QTKDO,0,1,0.738,1,0.5626,alto
1820-DJFPH,0,0,0.0203,0,0.0185,baixo
1112-CUNAO,1,1,0.7743,1,0.8387,alto
1092-GANHU,1,1,0.78,1,0.796,alto
1346-UFHAX,0,1,0.666,1,0.7382,medio
1768-ZAIFU,1,1,0.8929,1,0.8118,alto
1085-LDWAM,0,0,0.065,0,0.0339,baixo
5651-YLPRD,0,1,0.677,1,0.7002,medio
0295-PPHDO,1,1,0.945,1,0.9315,alto
5537-UXXVS,0,0,0.2071,0,0.2293,baixo
1379-FRVEB,0,1,0.8149,1,0.8275,alto
5136-GFPMB,0,0,0.4754,1,0.5146,medio
3865-ZFZIB,0,0,0.0439,0,0.0653,baixo
0608-JDVEC,0,0,0.0449,0,0.0358,baixo
5495-GPSRW,0,0,0.0428,0,0.0878,baixo
9220-ZNKJI,0,0,0.0956,0,0.1277,baixo
1936-UAFEH,0,0,0.1852,0,0.0855,baixo
4760-THGOT,0,1,0.6671,1,0.6612,medio
8129-GMVGI,0,0,0.0324,0,0.0181,baixo
3930-ZGWVE,0,1,0.5272,0,0.3547,medio
0447-BEMNG,1,0,0.3577,0,0.3819,baixo
5630-AHZIL,0,0,0.4663,0,0.4847,medio
5469-CTCWN,1,0,0.3446,0,0.3401,baixo
9746-UGFAC,0,0,0.097,0,0.1121,baixo
5917-RYRMG,0,0,0.1053,0,0.0978,baixo
7056-IMHCC,1,1,0.7067,1,0.7436,alto
5186-SAMNZ,1,1,0.9013,1,0.8297,alto
5533-RJFTJ,0,0,0.4324,0,0.3706,medio
1541-ETJZO,1,1,0.6345,1,0.5373,medio
7571-YXDAD,1,1,0.7531,1,0.7925,alto
6158-HDPXZ,0,1,0.7552,1,0.6482,alto
7606-BPHHN,0,0,0.0196,0,0.0188,baixo
2746-DIJLO,0,0,0.2014,0,0.2144,baixo
2108-YKQTY,1,1,0.6038,1,0.5189,medio
0743-HRVFF,0,0,0.2082,0,0.2732,baixo
4940-KHCWD,0,0,0.0375,0,0.0295,baixo
9992-UJOEL,0,1,0.7115,1,0.6156,alto
3627-FHKBK,1,1,0.7847,1,0.7005,alto
3207-OYBWH,1,1,0.5917,1,0.5825,medio
6328-ZPBGN,1,1,0.8175,1,0.8907,alto
3470-OBUET,0,0,0.0423,0,0.0225,baixo
7838-LAZFO,0,0,0.1422,0,0.1459,baixo
5850-BDWCY,0,0,0.282,0,0.3264,baixo
1575-KRZZE,0,1,0.5131,1,0.5245,medio
7130-CTCUS,0,0,0.4932,0,0.4536,medio
0106-UGRDO,0,0,0.248,0,0.1571,baixo
6821-BUXUX,1,1,0.8309,1,0.826,alto
1205-WNWPJ,1,0,0.4993,1,0.5866,medio
3884-UEBXB,0,0,0.054,0,0.0273,baixo
3847-BAERP,0,0,0.2765,0,0.3784,baixo
0015-UOCOJ,0,1,0.658,1,0.6422,medio
8207-VVMYB,0,0,0.0451,0,0.0244,baixo
9972-VAFJJ,0,0,0.4299,0,0.3651,medio
1658-TJVOA,0,1,0.7878,1,0.8202,alto
9138-EFSMO,0,0,0.2601,0,0.402,baixo
7515-LODFU,0,0,0.0362,0,0.0169,baixo
2368-GAKKQ,0,0,0.225,0,0.1106,baixo
0265-PSUAE,0,1,0.661,1,0.6752,medio
0581-BXBUB,0,1,0.7753,1,0.8109,alto
7879-CGSFV,0,0,0.3684,0,0.3096,baixo
3365-SAIGS,0,1,0.788,1,0.8215,alto
4353-HYOJD,0,0,0.3591,0,0.3008,baixo
5774-QPLTF,0,0,0.0622,0,0.0584,baixo
8621-MNIHH,1,1,0.7169,1,0.809,alto
9512-UIBFX,1,1,0.6224,1,0.7323,medio
5380-WJKOV,1,1,0.7471,1,0.8243,alto
8873-TMKGR,0,0,0.065,0,0.094,baixo
2070-FNEXE,1,1,0.6303,1,0.6821,medio
0794-YVSGE,0,0,0.0205,0,0.0103,baixo
7649-SIJJF,0,0,0.0338,0,0.0369,baixo
6872-HXFNF,0,0,0.1159,0,0.0673,baixo
3442-ZHHCC,0,0,0.1462,0,0.1068,baixo
3913-FCUUW,0,0,0.0291,0,0.021,baixo
3540-RZJYU,1,1,0.6702,1,0.7336,medio
9481-SFCQY,0,1,0.55,1,0.5721,medio
2178-PMGCJ,0,1,0.6498,1,0.6986,medio
0841-NULXI,1,1,0.859,1,0.832,alto
2692-PFYTJ,0,1,0.5867,0,0.4996,medio
1023-BQXZE,0,0,0.0889,0,0.0834,baixo
3865-ZYKAD,0,0,0.3821,0,0.3404,baixo
3096-WPXBT,0,0,0.2693,0,0.2308,baixo
4560-WQAQW,0,0,0.1177,0,0.0753,baixo
4779-ZGICK,0,0,0.0392,0,0.0277,baixo
7010-ZMVBF,0,0,0.2104,0,0.2118,baixo
3766-EJLFL,0,0,0.2416,0,0.1037,baixo
5857-XRECV,0,0,0.076,0,0.1586,baixo
6861-XWTWQ,1,1,0.9199,1,0.9309,alto
9089-UOWJG,0,1,0.5544,1,0.5852,medio
4530-NDRKU,0,0,0.0722,0,0.1014,baixo
7251-LJBQN,0,1,0.5539,1,0.5322,medio
7853-WNZSY,0,1,0.5969,0,0.4356,medio
4640-UHDOS,1,1,0.5728,1,0.5777,medio
0616-ATFGB,1,1,0.8349,1,0.7461,alto
3094-JOJAI,0,1,0.5512,1,0.6964,medio
5061-PBXFW,0,0,0.2581,0,0.1538,baixo
3251-YMVWZ,0,0,0.0857,0,0.0554,baixo
0297-RBCSG,0,0,0.2394,0,0.2809,baixo
8727-XDPUD,0,0,0.1228,0,0.1481,baixo
7356-AYNJP,0,0,0.1245,0,0.2842,baixo
5178-LMXOP,1,1,0.947,1,0.9399,alto
6128-AQBMT,0,1,0.5273,1,0.673,medio
0410-IPFTY,0,1,0.5959,1,0.681,medio
5052-PNLOS,1,1,0.868,1,0.893,alto
7520-HQWJU,0,0,0.3104,0,0.1418,baixo
8714-EUHJO,1,1,0.677,1,0.7579,medio
7603-USHJS,1,1,0.727,1,0.7575,alto
3115-CZMZD,0,0,0.0569,0,0.092,baixo
4818-QIUFN,1,1,0.7194,1,0.7865,alto
5440-VHLUL,0,0,0.465,0,0.2505,medio
6900-RBKER,0,0,0.1675,0,0.2616,baixo
0256-LTHVJ,1,1,0.6704,1,0.7507,medio
9919-FZDED,0,0,0.0488,0,0.0724,baixo
0074-HDKDG,0,0,0.2086,0,0.1697,baixo
7395-XWZOY,0,0,0.2976,0,0.4803,baixo
7134-MJPDY,0,0,0.4377,0,0.3379,medio
9840-DVNDC,1,1,0.821,1,0.8305,alto
9330-VOFSZ,0,0,0.2309,0,0.1937,baixo
3976-NLDEZ,0,1,0.5153,0,0.355,medio
1403-GYAFU,0,0,0.0379,0,0.0114,baixo
0958-YHXGP,0,1,0.7857,1,0.7908,alto
5136-RGMZO,0,0,0.3686,1,0.5112,baixo
1867-BDVFH,1,1,0.8178,1,0.818,alto
0983-TATYJ,0,0,0.1609,0,0.179,baixo
9822-BIIGN,0,0,0.2109,0,0.1999,baixo
8132-YPVBX,0,1,0.8374,1,0.8302,alto
1236-WFCDV,1,1,0.7345,1,0.8099,alto
5482-NUPNA,1,0,0.425,0,0.4444,medio
0839-JTCUD,0,0,0.0513,0,0.0325,baixo
3932-CMDTD,1,1,0.6677,1,0.7557,medio
0174-QRVVY,0,0,0.0261,0,0.0137,baixo
9334-GWGOW,0,1,0.8764,1,0.8795,alto
4039-PIMHX,0,0,0.1455,0,0.0632,baixo
6134-KWTBV,0,0,0.0355,0,0.0215,baixo
9048-JVYVF,1,1,0.7054,1,0.7472,alto
2171-UDMFD,0,0,0.1918,0,0.1923,baixo
8160-HOWOX,0,1,0.7382,1,0.7919,alto
5619-XZZKR,0,0,0.1014,0,0.1833,baixo
6376-GAHQE,1,1,0.8038,1,0.8368,alto
1194-SPVSP,0,1,0.5134,0,0.3435,medio
4468-YDOVK,0,1,0.5502,0,0.4633,medio
6661-HBGWL,1,1,0.6869,1,0.749,medio
7017-VFULY,0,0,0.3671,0,0.3415,baixo
5281-BUZGT,1,1,0.5914,1,0.7413,medio
9480-BQJEI,0,0,0.1967,0,0.2458,baixo
4955-VCWBI,0,0,0.0785,0,0.0527,baixo
9720-JJJOR,0,0,0.171,0,0.1108,baixo
3088-FVYWK,0,0,0.0372,0,0.0236,baixo
3331-HQDTW,1,1,0.6577,1,0.7167,medio
8739-WWKDU,1,1,0.7711,1,0.8346,alto
2672-OJQZP,0,1,0.738,1,0.5656,alto
2748-MYRVK,1,0,0.3064,0,0.2912,baixo
7717-BICXI,0,0,0.0241,0,0.0156,baixo
3594-KADLU,0,0,0.4328,0,0.4708,medio
2169-RRLFW,0,0,0.0263,0,0.0174,baixo
8869-TORSS,1,0,0.1214,0,0.0936,baixo
7239-HZZCX,1,1,0.5272,0,0.3547,medio
2926-JEJJC,0,0,0.0887,0,0.2161,baixo
8690-UPCZI,0,0,0.1429,0,0.1327,baixo
6854-EXGSF,0,0,0.4762,1,0.5507,medio
4402-FTBXC,0,0,0.3915,0,0.3757,baixo
2770-NSVDG,0,0,0.4453,1,0.5644,medio
4396-KLSEH,0,0,0.3698,0,0.4968,baixo
0230-UBYPQ,0,0,0.065,0,0.0648,baixo
1240-KNSEZ,1,1,0.5969,0,0.4385,medio
7677-SJJJK,0,0,0.0902,0,0.136,baixo
6892-XPFPU,1,1,0.8216,1,0.8798,alto
9700-ISPUP,0,0,0.4819,1,0.5804,medio
3125-RAHBV,0,0,0.0886,0,0.1132,baixo
6770-XUAGN,1,1,0.5208,0,0.4719,medio
0959-WHOKV,0,0,0.4753,0,0.4777,medio
8782-NUUOL,0,0,0.1147,0,0.0808,baixo
8190-ZTQFB,0,0,0.2904,0,0.4671,baixo
0516-UXRMT,0,0,0.2654,0,0.2721,baixo
2025-JKFWI,1,1,0.7847,1,0.8272,alto
9313-CDOGY,0,0,0.1643,0,0.1636,baixo
0257-KXZGU,0,0,0.3906,0,0.3124,baixo
5014-WUQMG,0,0,0.4317,0,0.3366,medio
3200-MNQTF,0,0,0.0452,0,0.0216,baixo
9537-JALFH,0,0,0.0363,0,0.0113,baixo
2480-SQIOB,0,1,0.6696,1,0.5623,medio
1136-XGEQU,0,0,0.221,0,0.1778,baixo
2995-UPRYS,1,0,0.4751,0,0.4461,medio
4709-LKHYG,0,0,0.0817,0,0.1062,baixo
1475-VWVDO,0,1,0.8721,1,0.8411,alto
8676-TRMJS,1,1,0.7318,1,0.7847,alto
3978-YNKDD,0,0,0.0466,0,0.0529,baixo
7669-LCRSD,0,1,0.5544,1,0.5734,medio
0440-QEXBZ,0,0,0.4207,0,0.3795,medio
9369-XFEHK,1,1,0.602,1,0.6797,medio
4029-HPFVY,0,1,0.7892,1,0.8064,alto
9128-CPXKI,0,0,0.2614,0,0.2336,baixo
1016-DJTSV,0,1,0.8475,1,0.8513,alto
0524-IAVZO,1,1,0.6946,1,0.8133,medio
2669-QVCRG,0,0,0.4917,1,0.544,medio
8778-LMWTJ,0,1,0.7614,1,0.7825,alto
7581-EBBOU,0,0,0.1701,0,0.1048,baixo
9968-FFVVH,0,0,0.1124,0,0.0466,baixo
4735-BJKOU,0,0,0.0401,0,0.0363,baixo
1628-BIZYP,0,1,0.9325,1,0.8849,alto
7249-WBIYX,1,1,0.8707,1,0.8825,alto
3717-OEAUQ,0,1,0.7405,1,0.7517,alto
3966-HRMZA,0,1,0.7742,1,0.7834,alto
3908-BLSYF,1,1,0.8313,1,0.8434,alto
2954-PIBKO,0,0,0.0547,0,0.0259,baixo
0952-KMEEH,1,1,0.7144,1,0.7763,alto
9940-RHLFB,1,1,0.8863,1,0.8218,alto
2233-TXSIU,0,0,0.1124,0,0.2827,baixo
8701-DGLVH,0,0,0.0314,0,0.0255,baixo
1530-ZTDOZ,0,0,0.3183,0,0.2801,baixo
4512-ZUIYL,1,1,0.7405,1,0.7473,alto
2533-QVMSK,1,0,0.1654,0,0.1831,baixo
7666-WKRON,1,0,0.1836,0,0.2416,baixo
8590-OHDIW,0,0,0.0785,0,0.061,baixo
2606-RMDHZ,1,1,0.6331,1,0.6705,medio
1945-XISKS,0,0,0.0348,0,0.016,baixo
6646-QVXLR,1,0,0.4564,1,0.5039,medio
2369-FEVNO,0,1,0.5969,0,0.4384,medio
2616-FLVQC,0,0,0.0297,0,0.0172,baixo
6421-SZVEM,0,0,0.2309,0,0.4018,baixo
5360-LJCNJ,0,0,0.2179,0,0.1886,baixo
2485-ITVKB,1,1,0.806,1,0.8306,alto
9412-ARGBX,1,0,0.1358,0,0.1439,baixo
0997-YTLNY,0,0,0.3351,0,0.2991,baixo
8280-MQRQN,1,1,0.7939,1,0.6574,alto
8181-YHCMF,0,0,0.0685,0,0.0482,baixo
4660-IRIBM,0,1,0.6484,1,0.6743,medio
9372-TXXPS,0,0,0.0379,0,0.0206,baixo
0866-QLSIR,1,0,0.134,0,0.15,baixo
9163-GHAYE,0,1,0.5309,1,0.5181,medio
8809-XKHMD,0,0,0.0533,0,0.0773,baixo
5129-JLPIS,0,1,0.7584,1,0.7369,alto
8757-TFHHJ,0,1,0.7108,1,0.5649,alto
4672-FOTSD,0,0,0.3935,1,0.5127,baixo
7061-OVMIM,0,0,0.0622,0,0.0732,baixo
3646-ITDGM,0,0,0.038,0,0.0214,baixo
3910-MRQOY,0,0,0.0185,0,0.0131,baixo
1036-GUDCL,0,0,0.1903,0,0.1635,baixo
3787-TRIAL,0,1,0.6018,1,0.6114,medio
1074-AMIOH,0,0,0.4909,0,0.4577,medio
6856-RAURS,0,1,0.8075,1,0.8457,alto
7654-YWJUF,0,0,0.202,0,0.216,baixo
8699-ASUFO,1,1,0.8103,1,0.8402,alto
5766-ZJYBB,1,0,0.4612,0,0.3546,medio
5753-QQWPW,0,0,0.1643,0,0.1916,baixo
0876-WDUUZ,1,1,0.7868,1,0.7937,alto
7055-HNEOJ,0,1,0.5956,1,0.553,medio
6230-BSUXY,1,1,0.945,1,0.9118,alto
4537-CIBHB,0,0,0.0902,0,0.1369,baixo
9054-FOWNV,0,1,0.8056,1,0.8124,alto
0749-IRGQE,0,1,0.6327,1,0.788,medio
7337-CINUD,0,0,0.0389,0,0.0714,baixo
9279-CJEOJ,0,1,0.7761,1,0.857,alto
3717-FDJFU,0,0,0.0373,0,0.0799,baixo
8034-RYTVV,0,0,0.2046,0,0.2641,baixo
6704-UTUKK,0,1,0.5524,1,0.7307,medio
4154-AQUGT,1,1,0.7318,1,0.7478,alto
4693-VWVBO,0,0,0.3222,0,0.4241,baixo
3756-VNWDH,0,0,0.3678,0,0.416,baixo
3891-PUQOD,1,1,0.778,1,0.6732,alto
9112-WSNPU,0,1,0.6102,1,0.6437,medio
8821-XNHVZ,1,1,0.9105,1,0.8264,alto
4993-JCRGJ,0,1,0.5195,1,0.6516,medio
0019-EFAEP,0,0,0.079,0,0.1083,baixo
2545-EBUPK,0,1,0.9124,1,0.923,alto
9013-AQORL,0,0,0.3744,0,0.3158,baixo
7623-TRNQN,1,1,0.6482,1,0.5068,medio
4501-UYKBC,0,0,0.211,0,0.2277,baixo
3063-QFSZL,1,1,0.8425,1,0.7779,alto
0123-CRBRT,0,0,0.0364,0,0.038,baixo
3244-DCJWY,1,1,0.915,1,0.8632,alto
5893-PYOLZ,0,0,0.0922,0,0.0801,baixo
8849-AYPTR,0,1,0.6226,1,0.7411,medio
1131-SUEKT,0,0,0.2588,0,0.2157,baixo
3506-OVLKD,0,0,0.0922,0,0.0929,baixo
7054-ENNGU,0,0,0.4927,0,0.4818,medio
6557-BZXLQ,0,1,0.7381,1,0.7591,alto
1133-KXCGE,0,0,0.0901,0,0.1304,baixo
6270-OMFIW,1,0,0.4499,0,0.4202,medio
7181-BQYBV,1,1,0.9217,1,0.8941,alto
8785-CJSHH,0,1,0.6426,1,0.6742,medio
3722-WPXTK,1,1,0.9377,1,0.916,alto
0682-USIXD,0,1,0.7283,1,0.7582,alto
1929-ZCBHE,0,0,0.102,0,0.1066,baixo
5213-TWWJU,0,1,0.5645,1,0.6541,medio
8780-RSYYU,0,0,0.1991,0,0.2745,baixo
9139-WQQDY,1,0,0.3626,0,0.3477,baixo
3181-MIZBN,0,0,0.2598,0,0.2781,baixo
0559-CKHUS,0,0,0.0395,0,0.0693,baixo
2649-HWLYB,0,0,0.0453,0,0.0326,baixo
8840-DQLGN,1,1,0.6463,1,0.5736,medio
5628-FCGYG,0,1,0.8044,1,0.8489,alto
0816-TSPHQ,0,0,0.3921,0,0.3481,baixo
9114-DPSIA,0,0,0.0268,0,0.0205,baixo
6203-HBZPA,0,0,0.0441,0,0.0683,baixo
3675-EQOZA,0,0,0.3091,0,0.3166,baixo
5498-IBWPI,0,0,0.1192,0,0.059,baixo
7861-UVUFT,1,1,0.8526,1,0.8464,alto
0531-ZZJWQ,0,1,0.615,1,0.6243,medio
5566-SOEZD,0,0,0.2352,0,0.3211,baixo
9747-DDZOS,1,1,0.8419,1,0.7594,alto
2925-VDZHY,0,0,0.0272,0,0.0264,baixo
7363-QTBIW,0,1,0.8499,1,0.8699,alto
1470-PSXNM,0,0,0.4987,0,0.4364,medio
5018-LXQQG,0,0,0.269,0,0.2233,baixo
5081-NWSUP,0,0,0.2334,0,0.2815,baixo
5271-YNWVR,1,0,0.2104,0,0.1306,baixo
5863-OOKCL,0,0,0.2308,0,0.2995,baixo
1855-CFULU,0,0,0.4094,0,0.3735,medio
8314-HTWVE,0,0,0.0445,0,0.0769,baixo
2150-OEGBV,0,0,0.0812,0,0.0952,baixo
6701-YVNQG,0,0,0.0307,0,0.0456,baixo
9385-NXKDA,0,0,0.0484,0,0.0647,baixo
0164-XAIRP,0,0,0.0395,0,0.0768,baixo
1357-BIJKI,0,1,0.5323,1,0.5503,medio
2812-REYAT,0,0,0.0653,0,0.0719,baixo
0082-OQIQY,0,1,0.6574,1,0.7655,medio
6331-LWDTQ,1,1,0.5856,1,0.7497,medio
4737-HOBAX,0,0,0.0755,0,0.0623,baixo
5170-PTRKA,0,0,0.0871,0,0.1012,baixo
3831-YCPUO,0,0,0.0914,0,0.0728,baixo
4237-RLAQD,1,1,0.7989,1,0.6431,alto
7854-EKTJL,1,0,0.3302,0,0.4652,baixo
9788-YTFGE,0,0,0.2637,0,0.3935,baixo
8541-QVFKM,0,1,0.8416,1,0.8632,alto
5524-KHNJP,0,0,0.1534,0,0.1845,baixo
8970-ANWXO,0,0,0.2271,0,0.3967,baixo
6682-QJDGB,1,0,0.3758,0,0.2263,baixo
3948-FVVRP,0,0,0.3766,0,0.3404,baixo
4877-TSOFF,0,0,0.1088,0,0.088,baixo
7855-DIWPO,0,1,0.7733,1,0.7728,alto
5159-YFPKQ,1,1,0.8753,1,0.864,alto
6242-SGYTS,0,0,0.2409,0,0.2068,baixo
9674-EHPPG,0,0,0.0521,0,0.051,baixo
8735-NBLWT,0,0,0.2219,0,0.2576,baixo
0181-RITDD,0,0,0.1267,0,0.0688,baixo
5727-MYATE,0,0,0.0303,0,0.0372,baixo
5808-TOTXO,0,0,0.0691,0,0.2124,baixo
4227-OJHAL,0,0,0.1457,0,0.0856,baixo
6729-GDNGC,0,1,0.6066,1,0.7197,medio
1100-DDVRV,0,0,0.4994,1,0.7216,medio
8375-DKEBR,1,1,0.9226,1,0.8795,alto
6080-LNESI,0,0,0.0424,0,0.0314,baixo
3027-YNWZU,0,0,0.037,0,0.0215,baixo
5063-IUOKK,0,0,0.0482,0,0.0776,baixo
6630-UJZMY,0,1,0.9015,1,0.9146,alto
9640-ZSLDC,0,0,0.1698,0,0.1167,baixo
7018-WBJNK,0,1,0.7234,1,0.7605,alto
4377-VDHYI,0,0,0.2798,0,0.4369,baixo
2408-PSJVE,0,0,0.2931,0,0.206,baixo
9351-HXDMR,0,0,0.1237,0,0.1139,baixo
7216-KAOID,0,0,0.0628,0,0.0519,baixo
5709-LVOEQ,0,0,0.1068,0,0.2278,baixo
2001-EWBQU,0,0,0.267,0,0.2518,baixo
4524-QCSSM,0,0,0.3751,1,0.5127,baixo
6773-LQTVT,0,0,0.4826,1,0.5006,medio
4256-ZWTZI,0,1,0.546,0,0.4833,medio
0301-FIDRB,0,0,0.0271,0,0.0427,baixo
6297-NOOPG,0,0,0.3209,0,0.1984,baixo
4323-SADQS,1,0,0.3932,1,0.5552,baixo
2325-NBPZG,0,1,0.7846,1,0.8122,alto
2212-LYASK,0,0,0.1889,0,0.3515,baixo
1087-UDSIH,1,0,0.3401,0,0.4298,baixo
4667-OHGKG,1,1,0.5907,0,0.4381,medio
5473-KHBPS,0,0,0.3461,0,0.3416,baixo
4086-ATNFV,0,0,0.171,0,0.1431,baixo
0979-PHULV,1,1,0.554,0,0.498,medio
3982-XWFZQ,1,1,0.5339,0,0.4728,medio
1830-IPXVJ,0,0,0.0303,0,0.0154,baixo
4419-UJMUS,0,0,0.2097,0,0.1737,baixo
8582-KRHPJ,0,0,0.3597,0,0.279,baixo
9298-WGMRW,0,0,0.0964,0,0.1044,baixo
5167-ZFFMM,1,1,0.9183,1,0.8722,alto
4332-MUOEZ,0,0,0.3966,0,0.3427,baixo
9732-KPKBW,1,1,0.6265,1,0.5629,medio
2309-OSFEU,1,1,0.598,1,0.7297,medio
1370-GGAWX,0,1,0.5107,1,0.5325,medio
7460-ITWWP,0,1,0.6911,1,0.7263,medio
6527-PZFPV,0,0,0.0765,0,0.1202,baixo
1494-EJZDW,0,0,0.0442,0,0.0707,baixo
0868-VJRDR,0,0,0.1583,0,0.1045,baixo
2478-EEWWM,0,0,0.4998,1,0.518,medio
9308-ANMVE,0,0,0.3738,0,0.2464,baixo
2088-IEBAU,0,0,0.0628,0,0.0726,baixo
7851-FLGGQ,1,1,0.6685,1,0.6985,medio
9115-YQHGA,0,0,0.4009,0,0.3476,medio
4248-QPAVC,1,1,0.6768,1,0.7412,medio
5339-PXDVH,0,1,0.7249,1,0.8237,alto
4706-DGAHW,0,1,0.822,1,0.6705,alto
2860-RANUS,1,1,0.7276,1,0.8312,alto
3877-JRJIP,1,1,0.8425,1,0.8019,alto
4905-JEFDW,1,0,0.3831,1,0.6181,baixo
2203-GHNWN,0,1,0.6523,1,0.7416,medio
2501-XWWTZ,0,1,0.7543,1,0.7608,alto
4018-PPNDW,0,0,0.029,0,0.0271,baixo
1465-LNTLJ,0,0,0.4945,1,0.623,medio
7504-UWHNB,0,1,0.631,1,0.6737,medio
8728-SKJLR,0,1,0.5827,1,0.559,medio
2800-QQUSO,0,1,0.7346,1,0.7315,alto
3780-DDGSE,0,0,0.3782,0,0.485,baixo
0742-MOABM,1,1,0.5466,0,0.4486,medio
0388-EOPEX,1,1,0.7846,1,0.816,alto
8390-FESFV,0,0,0.0747,0,0.0588,baixo
2754-SDJRD,0,1,0.829,1,0.8681,alto
7729-XBTWX,0,0,0.0327,0,0.0184,baixo
7579-OOPEC,1,1,0.7165,1,0.5687,alto
2778-OCLGR,1,0,0.3885,0,0.4968,baixo
2165-VOEGB,1,0,0.4566,0,0.2482,medio
1522-VVDMG,1,1,0.8011,1,0.7762,alto
3466-RITXD,0,1,0.5988,1,0.6868,medio
7762-ONLJY,0,0,0.0882,0,0.1481,baixo
2867-UIMSS,1,1,0.8899,1,0.8552,alto
0769-MURVM,0,0,0.0255,0,0.0305,baixo
0730-KOAVE,0,1,0.6076,1,0.6703,medio
7602-DBTOU,0,0,0.0209,0,0.0142,baixo
8443-ZRDBZ,1,1,0.8753,1,0.8745,alto
8775-ERLNB,0,1,0.8832,1,0.8607,alto
5924-SNGKP,0,0,0.0692,0,0.0772,baixo
8212-DJRCH,0,1,0.7413,1,0.7643,alto
1729-VLAZJ,0,0,0.1084,0,0.1972,baixo
5382-SOYZL,0,1,0.8197,1,0.8768,alto
2077-MPJQO,0,1,0.8764,1,0.8796,alto
0258-NOKBL,0,1,0.8126,1,0.8409,alto
5196-SGOAK,1,1,0.9249,1,0.8528,alto
6857-VWJDT,1,1,0.8894,1,0.8765,alto
4226-KKDON,0,1,0.5173,1,0.631,medio
4299-OPXEJ,0,0,0.0353,0,0.0301,baixo
8058-DMYRU,0,1,0.6492,1,0.6837,medio
6823-SIDFQ,0,0,0.0667,0,0.0956,baixo
8241-JUIQO,0,0,0.0564,0,0.0365,baixo
7209-JCUDS,1,1,0.8775,1,0.8958,alto
9926-PJHDQ,0,0,0.1282,0,0.0747,baixo
6769-DYBQN,1,1,0.5197,1,0.5549,medio
7529-ZDFXI,0,1,0.6492,1,0.662,medio
4819-HJPIW,0,0,0.4088,1,0.5218,medio
1709-EJDOX,0,0,0.0358,0,0.0237,baixo
9548-LERKT,0,0,0.0393,0,0.0562,baixo
9755-JHNMN,0,0,0.0466,0,0.03,baixo
7233-IOQNP,0,0,0.2556,0,0.2022,baixo
7067-KSAZT,1,0,0.452,0,0.4885,medio
0668-OGMHD,0,0,0.4274,1,0.5065,medio
8059-UDZFY,0,1,0.6763,1,0.7607,medio
9576-SYUHJ,0,1,0.5772,1,0.7061,medio
3325-FUYCG,1,0,0.4113,1,0.5008,medio
6338-AVWCY,1,1,0.7285,1,0.7689,alto
0988-JRWWP,0,1,0.8093,1,0.7586,alto
0134-XWXCE,0,0,0.2129,0,0.1826,baixo
3780-YVMFA,0,1,0.5671,1,0.6759,medio
6075-QMNRR,0,0,0.3326,0,0.2107,baixo
7952-OBOYL,0,1,0.7868,1,0.7995,alto
7369-TRPFD,0,0,0.0724,0,0.1237,baixo
6340-DACFT,0,0,0.0307,0,0.0215,baixo
6608-QQLVK,1,1,0.8429,1,0.7215,alto
5951-AOFIH,0,0,0.4382,0,0.4525,medio
0733-VUNUW,1,0,0.4139,0,0.4337,medio
8455-HIRAQ,0,1,0.5227,1,0.5119,medio
7409-KIUTL,1,1,0.9158,1,0.855,alto
9143-CANJF,0,0,0.2937,0,0.2694,baixo
8024-XNAFQ,0,0,0.0862,0,0.0944,baixo
5934-TSSAU,0,1,0.659,1,0.6553,medio
3812-LRZIR,0,0,0.048,0,0.072,baixo
8749-CLJXC,0,1,0.5272,0,0.3548,medio
3374-LXDEV,1,1,0.7486,1,0.72,alto
5845-BZZIB,0,0,0.0379,0,0.0331,baixo
3179-GBRWV,0,0,0.4767,0,0.4929,medio
0970-ETWGE,1,1,0.9377,1,0.9161,alto
2834-JKOOW,0,0,0.1174,0,0.2133,baixo
7311-MQJCH,0,0,0.0889,0,0.2367,baixo
4547-LYTDD,1,1,0.7242,1,0.7762,alto
4631-OACRM,1,1,0.841,1,0.8629,alto
9860-LISIZ,0,0,0.2169,0,0.1699,baixo
1716-LSAMB,0,0,0.0472,0,0.0277,baixo
0365-TRTPY,0,0,0.4507,0,0.4654,medio
3587-PMCOY,0,1,0.6304,1,0.737,medio
7124-UGSUR,1,0,0.363,0,0.4345,baixo
0057-QBUQH,0,0,0.0578,0,0.0635,baixo
1227-UDMZR,0,0,0.03,0,0.0453,baixo
6258-NGCNG,0,0,0.3052,0,0.3618,baixo
4674-HGNUA,0,0,0.0312,0,0.0273,baixo
8590-YFFQO,0,0,0.0438,0,0.0159,baixo
2195-VVRJF,0,0,0.4763,1,0.5466,medio
1024-GUALD,1,1,0.859,1,0.7874,alto
6234-PFPXL,0,1,0.6327,1,0.5741,medio
5376-DEQCP,1,1,0.915,1,0.8633,alto
0422-UXFAP,0,1,0.5483,1,0.5798,medio
9633-DENPU,0,0,0.4219,0,0.3363,medio
5301-GAUUY,1,1,0.574,1,0.6492,medio
8033-VCZGH,0,1,0.5375,1,0.5026,medio
0052-YNYOT,0,0,0.0658,0,0.044,baixo
4983-CLMLV,0,1,0.5539,1,0.5713,medio
3733-UOCWF,0,0,0.1913,0,0.2166,baixo
1169-WCVAK,0,1,0.5414,1,0.5953,medio
0516-OOHAR,0,0,0.3677,0,0.4402,baixo
5519-TEEUH,0,0,0.0697,0,0.0952,baixo
2885-HIJDH,0,0,0.0523,0,0.0304,baixo
1744-JHKYS,0,0,0.236,0,0.2595,baixo
3077-RSNTJ,0,0,0.253,0,0.2797,baixo
1335-NTIUC,0,1,0.7077,1,0.7392,alto
8165-ZJRNM,0,0,0.0219,0,0.0131,baixo
0048-PIHNL,0,0,0.065,0,0.0518,baixo
0562-FGDCR,0,0,0.0239,0,0.0196,baixo
2091-MJTFX,1,0,0.2818,0,0.437,baixo
9962-BFPDU,0,0,0.4977,0,0.3119,medio
8292-ITGYJ,0,0,0.0454,0,0.0416,baixo
2758-RNWXS,0,0,0.251,0,0.4046,baixo
9537-VHDTA,0,1,0.6028,0,0.4344,medio
8345-MVDYC,0,0,0.0558,0,0.0634,baixo
9167-APMXZ,0,1,0.6958,1,0.786,medio
1776-SPBWV,0,0,0.0682,0,0.0903,baixo
3896-RCYYE,0,0,0.2704,0,0.3123,baixo
4067-HLYQI,0,1,0.5664,1,0.6179,medio
8258-GSTJK,1,1,0.8896,1,0.8928,alto
6784-XYJAE,0,0,0.2392,0,0.2622,baixo
2040-OBMLJ,0,0,0.2423,0,0.3261,baixo
1833-TCXKK,0,1,0.6476,1,0.6956,medio
8626-PTQGE,0,0,0.0479,0,0.0542,baixo
7036-TYDEC,0,0,0.2653,0,0.1644,baixo
5975-BAICR,0,0,0.172,0,0.1831,baixo
5575-TPIZQ,0,0,0.4933,1,0.5641,medio
9610-WCESF,0,0,0.0587,0,0.0475,baixo
7928-VJYAB,0,1,0.7893,1,0.8196,alto
5380-XPJNZ,0,0,0.0823,0,0.0749,baixo
8397-MVTAZ,1,1,0.761,1,0.8353,alto
7277-OZCGZ,0,1,0.6426,1,0.6994,medio
9465-RWMXL,1,1,0.6734,1,0.7515,medio
3604-WLABM,0,1,0.5408,1,0.5012,medio
6322-HRPFA,0,0,0.2499,0,0.098,baixo
8400-WZICQ,0,0,0.2598,0,0.1554,baixo
9741-YLNTD,0,1,0.7858,1,0.8122,alto
1385-TQOZW,0,0,0.2204,0,0.383,baixo
2159-TURXX,0,0,0.3526,0,0.3247,baixo
5025-GOOKI,0,0,0.2293,0,0.3062,baixo
6483-OATDN,0,0,0.4547,0,0.4568,medio
9945-PSVIP,0,0,0.0376,0,0.0635,baixo
1525-LNLOJ,0,0,0.1263,0,0.0645,baixo
7893-IXHRQ,1,0,0.4773,0,0.4329,medio
6559-RAKOZ,0,0,0.4508,0,0.4399,medio
8696-JKZNU,1,1,0.6813,1,0.7501,medio
5297-MDOIR,0,0,0.1664,0,0.1836,baixo
3489-VSFRD,0,0,0.1139,0,0.0747,baixo
4701-AHWMW,1,0,0.2743,0,0.38,baixo
8601-QACRS,1,1,0.7061,1,0.6704,alto
1063-DHQJF,0,0,0.0974,0,0.0761,baixo
1965-DDBWU,1,1,0.6836,1,0.7679,medio
4521-WFJAI,0,0,0.0477,0,0.0363,baixo
7159-NOKYQ,0,0,0.2682,0,0.2217,baixo
3923-CSIHK,1,1,0.6697,1,0.6165,medio
1448-PWKYE,1,1,0.8881,1,0.8256,alto
6023-YEBUP,1,1,0.9192,1,0.9299,alto
2495-INZWQ,1,1,0.796,1,0.8547,alto
1320-HTRDR,1,1,0.8744,1,0.8807,alto
1963-VAUKV,1,1,0.5153,0,0.3612,medio
6112-KTHFQ,0,0,0.2479,0,0.3564,baixo
1097-FSPVW,0,0,0.3139,0,0.2161,baixo
6372-RFVNS,1,1,0.8871,1,0.8519,alto
8805-JNRAZ,0,1,0.6556,1,0.5364,medio
0486-HECZI,1,1,0.6378,1,0.5575,medio
7191-ADRGF,0,0,0.1165,0,0.148,baixo
6000-APYLU,1,1,0.8499,1,0.8677,alto
1936-CZAKF,0,0,0.1158,0,0.1298,baixo
2332-TODQS,0,0,0.0897,0,0.0682,baixo
9378-FXTIZ,1,0,0.2351,0,0.2605,baixo
5062-CJJKH,0,0,0.1574,0,0.171,baixo
1952-DVVSW,0,0,0.1004,0,0.1601,baixo
6022-UGGSO,1,1,0.6841,1,0.7203,medio
9050-QLROH,1,1,0.6958,1,0.8204,medio
1730-VFMWO,0,0,0.2939,0,0.2401,baixo
2824-DXNKN,0,0,0.0487,0,0.0414,baixo
5446-DKWYW,0,0,0.2157,0,0.2203,baixo
2386-LAHRK,1,1,0.7939,1,0.7008,alto
6461-PPAXN,0,0,0.0981,0,0.1028,baixo
0040-HALCW,0,0,0.0278,0,0.0185,baixo
8347-GDTMP,0,0,0.0305,0,0.0174,baixo
7919-ZODZZ,0,0,0.335,0,0.3954,baixo
8818-DOPVL,0,1,0.7401,1,0.7935,alto
2969-WGHQO,0,0,0.192,0,0.3279,baixo
6953-PBDIN,0,0,0.0759,0,0.0334,baixo
7495-OOKFY,1,1,0.7868,1,0.8265,alto
2782-LFZVW,0,1,0.5557,1,0.6971,medio
2061-VVFST,0,0,0.1791,0,0.1499,baixo
2511-MORQY,0,0,0.1553,0,0.1099,baixo
2805-AUFQN,0,0,0.0406,0,0.0558,baixo
3571-DPYUH,0,0,0.267,0,0.2225,baixo
5760-FXFVO,0,1,0.7685,1,0.7787,alto
2972-YDYUW,0,0,0.369,0,0.281,baixo
5181-OABFK,0,0,0.0708,0,0.0399,baixo
3292-PBZEJ,0,1,0.8486,1,0.8864,alto
1395-OFUWC,0,0,0.3752,0,0.2686,baixo
4751-ERMAN,0,0,0.1311,0,0.0547,baixo
9685-WKZGT,1,1,0.8354,1,0.8554,alto
8646-JCOMS,0,0,0.2428,0,0.1792,baixo
4283-FUTGF,1,1,0.7886,1,0.8403,alto
2293-IJWPS,0,0,0.4356,0,0.4506,medio
2845-HSJCY,1,1,0.8508,1,0.8559,alto
3649-JPUGY,0,0,0.0838,0,0.06,baixo
6711-VTNRE,1,1,0.6059,1,0.682,medio
4735-ASGMA,1,1,0.7704,1,0.8669,alto
3006-XIMLN,1,1,0.8509,1,0.8822,alto
7663-RGWBC,1,1,0.7989,1,0.6425,alto
3018-TFTSU,1,1,0.5932,1,0.6162,medio
3585-ISXZP,1,1,0.7657,1,0.8449,alto
5016-IBERQ,0,1,0.6628,1,0.7207,medio
9643-AVVWI,0,1,0.7922,1,0.7556,alto
1862-QRWPE,0,0,0.0296,0,0.022,baixo
7354-OIJLX,0,1,0.8406,1,0.8566,alto
6388-TABGU,0,0,0.0742,0,0.0427,baixo
9374-YOLBJ,0,0,0.3853,0,0.3857,baixo
9544-PYPSJ,0,0,0.4188,1,0.5078,medio
4115-NZRKS,0,1,0.9041,1,0.9152,alto
3487-EARAT,0,0,0.1361,0,0.0357,baixo
7029-RPUAV,1,1,0.7898,1,0.8761,alto
9917-KWRBE,0,0,0.1844,0,0.1782,baixo
0056-EPFBG,0,0,0.067,0,0.1204,baixo
6733-LRIZX,0,0,0.3342,0,0.361,baixo
6712-OAWRH,1,1,0.7138,1,0.8578,alto
3858-VOBET,1,1,0.735,1,0.7949,alto
6332-FBZRI,0,0,0.1235,0,0.0486,baixo
6507-ZJSUR,0,1,0.7703,1,0.8647,alto
2139-FQHLM,0,1,0.5878,1,0.6319,medio
4277-BWBML,0,0,0.0205,0,0.0103,baixo
5949-EBSQK,1,1,0.5485,0,0.4703,medio
5696-JVVQY,0,0,0.0968,0,0.0675,baixo
0679-IDSTG,1,1,0.9158,1,0.854,alto
0576-WNXXC,1,1,0.7522,1,0.8367,alto
4412-YLTKF,1,1,0.6853,1,0.8082,medio
6402-EJMWF,0,1,0.7053,1,0.6913,alto
3524-WQDSG,0,1,0.6549,1,0.6859,medio
2001-MCUUW,0,0,0.2455,0,0.2628,baixo
6834-NXDCA,1,1,0.6469,1,0.72,medio
3642-BYHDO,0,0,0.0233,0,0.0109,baixo
9927-DSWDF,0,1,0.7657,1,0.7295,alto
7180-PISOG,1,1,0.9115,1,0.8595,alto
2604-IJPDU,0,1,0.7132,1,0.6842,alto
9842-EFSYY,0,1,0.5779,1,0.7086,medio
2971-SGAFL,0,1,0.5827,1,0.7477,medio
0263-FJTQO,0,0,0.0672,0,0.0553,baixo
6710-HSJRD,0,1,0.584,1,0.5908,medio
6047-YHPVI,1,1,0.8613,1,0.8444,alto
8713-IGZSO,0,0,0.3934,0,0.3986,baixo
2307-FYNNL,0,0,0.2272,0,0.2061,baixo
3197-ARFOY,0,1,0.7373,1,0.7185,alto
8161-QYMTT,0,1,0.9012,1,0.9186,alto
3750-CKVKH,1,1,0.8613,1,0.8558,alto
8849-GYOKR,1,0,0.3801,0,0.2827,baixo
5204-HMGYF,0,0,0.1487,0,0.1174,baixo
0727-BNRLG,0,0,0.1358,0,0.1151,baixo
0895-LMRSF,0,0,0.2828,0,0.4094,baixo
0923-PNFUB,1,1,0.8126,1,0.8331,alto
0330-IVZHA,1,1,0.7917,1,0.7962,alto
6137-NICCO,0,1,0.8335,1,0.8282,alto
9339-FIIJL,0,0,0.0708,0,0.0426,baixo
9812-GHVRI,0,1,0.5371,1,0.6085,medio
8622-ZLFKO,0,1,0.8828,1,0.8934,alto
8570-KLJYJ,0,0,0.1032,0,0.1524,baixo
6173-GOLSU,0,1,0.5108,1,0.5934,medio
3199-XGZCY,0,1,0.8416,1,0.8635,alto
2987-BJXIK,0,0,0.0664,0,0.0502,baixo
7198-GLXTC,1,1,0.8298,1,0.8453,alto
9907-SWKKF,1,1,0.8112,1,0.6865,alto
7572-KPVKK,0,0,0.2324,0,0.2138,baixo
7129-ACFOG,0,1,0.6904,1,0.6724,medio
1980-KXVPM,1,1,0.8371,1,0.8589,alto
6917-FIJHC,0,0,0.0256,0,0.0241,baixo
0235-KGSLC,1,1,0.918,1,0.859,alto
5357-TZHPP,1,1,0.8239,1,0.8703,alto
8915-NNTRC,0,0,0.086,0,0.0836,baixo
8620-RJPZN,0,0,0.4773,0,0.4397,medio
9715-WZCLW,0,0,0.1279,0,0.1687,baixo
6418-HNFED,0,0,0.0544,0,0.0683,baixo
1139-WUOAH,0,0,0.0755,0,0.0857,baixo
1310-QRITU,0,1,0.6468,1,0.6539,medio
9944-AEXBM,0,1,0.5959,1,0.7336,medio
5228-EXCET,1,1,0.8413,1,0.8529,alto
8992-CEUEN,0,0,0.4238,0,0.439,medio
9248-OJYKK,1,1,0.9365,1,0.8985,alto
9108-EQPNQ,0,0,0.0488,0,0.0856,baixo
2609-IAICY,1,1,0.9302,1,0.8873,alto
2027-FECZV,1,1,0.8733,1,0.9023,alto
5606-AMZBO,0,1,0.6687,1,0.7541,medio
8739-XNIKG,0,1,0.8981,1,0.9003,alto
8993-PHFWD,1,1,0.7177,1,0.7118,alto
2386-OWURY,0,1,0.5897,1,0.5791,medio
1629-DQQVB,0,0,0.3693,0,0.3774,baixo
4703-MQYKT,0,0,0.0386,0,0.0617,baixo
9867-XOBQA,0,0,0.0472,0,0.1046,baixo
5650-YLIBA,0,1,0.6774,1,0.7358,medio
0164-APGRB,0,0,0.1234,0,0.1458,baixo
9327-QSDED,0,1,0.5227,1,0.5048,medio
6284-KMNUF,0,0,0.4662,0,0.4539,medio
0506-LVNGN,1,1,0.8234,1,0.8269,alto
0471-ARVMX,0,0,0.4195,0,0.454,medio
9804-ICWBG,1,1,0.915,1,0.8599,alto
2335-GSODA,0,0,0.0514,0,0.0822,baixo
3858-XHYJO,0,0,0.4197,0,0.4065,medio
0307-BCOPK,0,0,0.0763,0,0.1373,baixo
4229-CZMLL,1,1,0.8721,1,0.8674,alto
7997-EASSD,0,0,0.1982,0,0.2074,baixo
6698-OXETB,0,0,0.0413,0,0.0822,baixo
9450-TRJUU,0,1,0.6029,1,0.7106,medio
6164-HAQTX,0,0,0.0272,0,0.028,baixo
0655-RBDUG,1,1,0.8712,1,0.8891,alto
0379-DJQHR,0,0,0.0651,0,0.0349,baixo
1741-WTPON,0,0,0.1451,0,0.0998,baixo
2877-VDUER,0,0,0.1329,0,0.1807,baixo
4825-FUREZ,0,0,0.0475,0,0.0454,baixo
7691-XVTZH,0,0,0.163,0,0.1692,baixo
4690-LLKUA,1,1,0.6991,1,0.6383,medio
2754-XBHTB,1,1,0.7546,1,0.8148,alto
4137-JOPHL,0,0,0.109,0,0.1752,baixo
6345-FZOQH,0,0,0.0362,0,0.0147,baixo
8338-QIUNR,0,0,0.0332,0,0.0231,baixo
4342-HENTK,1,1,0.8769,1,0.8763,alto
3795-GWTRD,0,0,0.0362,0,0.0213,baixo
5334-AFQJB,0,0,0.0254,0,0.0269,baixo
4619-EVPHY,0,0,0.4217,1,0.6889,medio
0665-XHDJU,0,0,0.2812,0,0.2354,baixo
4335-UPJSI,0,0,0.0376,0,0.0473,baixo
2057-ZBLPD,1,1,0.8044,1,0.8521,alto
5751-USDBL,0,0,0.0596,0,0.051,baixo
2865-TCHJW,1,1,0.9058,1,0.9179,alto
8619-IJNDK,0,0,0.0278,0,0.0128,baixo
8573-JGCZW,0,0,0.0809,0,0.1688,baixo
9844-FELAJ,0,0,0.437,0,0.3176,medio
6705-LXORM,0,1,0.8023,1,0.8188,alto
9067-SQTNS,0,0,0.0619,0,0.0476,baixo
7629-WIXZF,0,0,0.2806,0,0.4869,baixo
1853-UDXBW,1,1,0.9077,1,0.8312,alto
9359-UGBTK,0,0,0.1149,0,0.0704,baixo
4892-VLANZ,1,1,0.5272,0,0.3547,medio
0440-UEDAI,0,0,0.3215,0,0.2717,baixo
2391-SOORI,1,1,0.5543,0,0.4852,medio
9313-QOLTZ,0,0,0.2337,0,0.2032,baixo
4184-VODJZ,0,0,0.2805,0,0.3375,baixo
9576-ANLXO,1,1,0.7892,1,0.8027,alto
6542-LWGXJ,0,1,0.6466,1,0.6325,medio
9209-NWPGU,0,0,0.1486,0,0.1238,baixo
3569-EDBPQ,0,1,0.5546,1,0.666,medio
6890-PFRQX,0,0,0.3445,0,0.4794,baixo
4213-HKBJO,0,0,0.046,0,0.0543,baixo
8401-EMUWF,0,0,0.3758,0,0.2965,baixo
2985-FMWYF,0,1,0.759,1,0.8762,alto
6598-RFFVI,1,0,0.0797,0,0.1908,baixo
9767-FFLEM,0,1,0.5609,1,0.5833,medio
6227-HWPWX,1,1,0.6296,1,0.6148,medio
9972-NKTFD,0,0,0.2786,0,0.2596,baixo
0432-CAJZV,0,1,0.7816,1,0.8394,alto
2522-WLNSF,0,0,0.2033,0,0.1811,baixo
8457-XIGKN,0,0,0.2293,0,0.3006,baixo
3030-YDNRM,0,1,0.8416,1,0.8602,alto
2798-NYLMZ,0,0,0.1561,0,0.1167,baixo
6166-ILMNY,1,1,0.7405,1,0.7472,alto
1265-HVPZB,0,0,0.1421,0,0.0777,baixo
5442-BHQNG,0,1,0.8095,1,0.8118,alto
1051-GEJLJ,0,0,0.3081,0,0.3538,baixo
4759-PXTAN,0,0,0.2439,0,0.2158,baixo
1360-JYXKQ,0,1,0.5127,0,0.4534,medio
2696-RZVZW,0,0,0.0396,0,0.0186,baixo
5419-KLXBN,1,1,0.6894,1,0.6728,medio
2480-EJWYP,0,0,0.4383,0,0.4381,medio
3985-HOYPM,0,0,0.065,0,0.1023,baixo
3694-GLTJM,0,0,0.3262,0,0.4121,baixo
5049-MUBWG,0,0,0.1423,0,0.1871,baixo
1559-DTODC,0,1,0.511,1,0.5885,medio
7404-JLKQG,0,1,0.7213,1,0.6961,alto
2252-JHJGE,0,0,0.4161,0,0.3379,medio
5804-HYIEZ,0,1,0.5708,0,0.466,medio
2632-TACXW,0,0,0.0353,0,0.0219,baixo
1894-IGFSG,1,1,0.7128,1,0.8054,alto
3511-BFTJW,0,0,0.0366,0,0.0245,baixo
8361-LTMKD,1,1,0.8135,1,0.8522,alto
6283-GITPX,0,0,0.0339,0,0.0231,baixo
9057-SIHCH,1,1,0.9126,1,0.9294,alto
5140-FOMCQ,0,0,0.4515,0,0.3399,medio
6445-TNRXS,0,0,0.204,0,0.0937,baixo
5825-XJOCM,0,0,0.1649,0,0.1115,baixo
8903-XEBGX,0,1,0.7937,1,0.7271,alto
1166-PQLGG,0,0,0.0185,0,0.0106,baixo
2919-HBCJO,1,1,0.8031,1,0.7841,alto
4695-VADHF,1,1,0.5431,1,0.5408,medio
1143-NMNQJ,1,1,0.8981,1,0.9122,alto
4190-MFLUW,1,0,0.4345,0,0.3652,medio
1261-FWTTE,0,1,0.5421,1,0.6661,medio
8430-TWCBX,0,0,0.0672,0,0.0537,baixo
4013-GUXND,0,1,0.517,0,0.3551,medio
5505-OVWQW,0,0,0.0901,0,0.1339,baixo
2346-LOCWC,0,0,0.0278,0,0.0169,baixo
4211-MMAZN,1,1,0.5153,0,0.3549,medio
7636-PEPNS,0,0,0.1464,0,0.1028,baixo
5698-BQJOH,1,1,0.8186,1,0.8848,alto
5022-JNQEQ,0,1,0.7688,1,0.7372,alto
3466-WAESX,0,0,0.4923,1,0.5899,medio
5514-YQENT,0,0,0.2483,0,0.2191,baixo
7534-BFESC,1,1,0.7437,1,0.8133,alto
3161-ONRWK,0,0,0.0987,0,0.0469,baixo
3173-NVMPX,0,1,0.5794,1,0.5694,medio
4962-CHQPW,0,0,0.0773,0,0.0773,baixo
6374-NTQLP,0,0,0.0746,0,0.0878,baixo
9254-RBFON,1,0,0.4066,0,0.4661,medio
0017-IUDMW,0,0,0.0914,0,0.0892,baixo
3071-MVJCD,0,0,0.0259,0,0.0189,baixo
2187-PKZAY,0,1,0.7476,1,0.8038,alto
2236-HILPA,0,0,0.0241,0,0.0146,baixo
4378-MYPGO,0,0,0.2103,0,0.1051,baixo
4329-YPDDQ,0,1,0.7072,1,0.6721,alto
7250-EQKIY,1,1,0.7082,1,0.5202,alto
6680-WKXRZ,1,1,0.7185,1,0.7808,alto
0420-TXVSG,0,0,0.0782,0,0.0437,baixo
7641-TQFHN,0,0,0.1551,0,0.2132,baixo
8173-RXAYP,0,0,0.0373,0,0.0471,baixo
4983-CCWMC,0,1,0.7892,1,0.8062,alto
1217-VASWC,0,0,0.4804,1,0.5023,medio
6519-ZHPXP,0,0,0.0894,0,0.0701,baixo
8819-ZBYNA,0,0,0.223,0,0.152,baixo
1848-LBZHY,0,1,0.5004,1,0.515,medio
0628-CNQRM,1,0,0.1644,0,0.1832,baixo
9033-EOXWV,1,0,0.2625,0,0.3941,baixo
4947-DSMXK,0,1,0.6307,1,0.7122,medio
3519-ZKXGG,1,1,0.8753,1,0.8801,alto
6370-ZVHDV,0,0,0.037,0,0.0227,baixo
4817-VYYWS,1,1,0.7537,1,0.8399,alto
0685-MLYYM,1,1,0.8334,1,0.8331,alto
8777-PVYGU,0,0,0.1454,0,0.1444,baixo
5318-YKDPV,0,0,0.0754,0,0.0763,baixo
3530-VWVGU,0,0,0.2394,0,0.1918,baixo
4750-ZRXIU,1,1,0.9043,1,0.9186,alto
1784-BXEFA,0,0,0.2204,0,0.3783,baixo
2190-BCXEC,0,0,0.483,1,0.5419,medio
3567-PQTSO,0,0,0.4741,0,0.4836,medio
0823-HSCDJ,1,1,0.5432,1,0.5873,medio
2761-OCIAX,1,1,0.8681,1,0.8633,alto
9710-ZUSHQ,1,1,0.6772,1,0.7107,medio
6919-ELBGL,0,0,0.08,0,0.0957,baixo
9777-IQHWP,0,0,0.0636,0,0.0884,baixo
0048-LUMLS,0,0,0.284,0,0.3945,baixo
8709-KRDVL,0,1,0.7537,1,0.827,alto
2967-MXRAV,0,0,0.1112,0,0.1646,baixo
9565-JSNFM,1,0,0.2923,0,0.3766,baixo
3639-XJHKQ,0,1,0.5042,0,0.4523,medio
9692-TUSXH,1,1,0.8344,1,0.8295,alto
3324-OIRTO,0,0,0.2828,0,0.1779,baixo
5457-COLHT,0,0,0.0436,0,0.0218,baixo
2984-RGEYA,0,0,0.0363,0,0.0116,baixo
2254-DLXRI,0,1,0.9085,1,0.8382,alto
3334-CTHOL,1,1,0.7939,1,0.6863,alto
4717-GHADL,0,0,0.0961,0,0.1151,baixo
1436-ZMJAN,0,1,0.5856,1,0.7172,medio
8015-IHCGW,0,0,0.1061,0,0.1205,baixo
6374-AFWOX,0,0,0.0463,0,0.0332,baixo
3623-FQBOX,0,0,0.2293,0,0.2966,baixo
1174-FGIFN,0,0,0.3527,1,0.5425,baixo
6366-XIVKZ,0,0,0.4672,1,0.5134,medio
6969-MVBAI,0,1,0.8808,1,0.9057,alto
9030-QGZNL,0,0,0.0555,0,0.0917,baixo
